<?xml version="1.0" encoding="UTF-8"?>
<document type="com.apple.InterfaceBuilder3.CocoaTouch.Storyboard.XIB" version="3.0" toolsVersion="21225" targetRuntime="iOS.CocoaTouch" propertyAccessControl="none" useAutolayout="YES" useTraitCollections="YES" useSafeAreas="YES" colorMatched="YES" initialViewController="BYZ-38-t0r">
    <device id="retina6_0" orientation="portrait" appearance="light"/>
    <dependencies>
        <plugIn identifier="com.apple.InterfaceBuilder.IBCocoaTouchPlugin" version="21207"/>
        <capability name="Safe area layout guides" minToolsVersion="9.0"/>
        <capability name="System colors in document resources" minToolsVersion="11.0"/>
        <capability name="documents saved in the Xcode 8 format" minToolsVersion="8.0"/>
    </dependencies>
    <scenes>
        <!--View Controller-->
        <scene sceneID="tne-QT-ifu">
            <objects>
                <viewController id="BYZ-38-t0r" customClass="ViewController" customModule="terceraApp" customModuleProvider="target" sceneMemberID="viewController">
                    <view key="view" contentMode="scaleToFill" id="8bC-Xf-vdC">
                        <rect key="frame" x="0.0" y="0.0" width="390" height="844"/>
                        <autoresizingMask key="autoresizingMask" widthSizable="YES" heightSizable="YES"/>
                        <subviews>
                            <button opaque="NO" contentMode="scaleToFill" fixedFrame="YES" contentHorizontalAlignment="center" contentVerticalAlignment="center" buttonType="system" lineBreakMode="middleTruncation" translatesAutoresizingMaskIntoConstraints="NO" id="nbP-sV-PnR">
                                <rect key="frame" x="141" y="631" width="108" height="35"/>
                                <autoresizingMask key="autoresizingMask" flexibleMaxX="YES" flexibleMaxY="YES"/>
                                <state key="normal" title="Button"/>
                                <buttonConfiguration key="configuration" style="plain" title="Ir a imagen"/>
                                <connections>
                                    <action selector="buttonImagen:" destination="BYZ-38-t0r" eventType="touchUpInside" id="d6R-bO-wrh"/>
                                </connections>
                            </button>
                            <label opaque="NO" userInteractionEnabled="NO" contentMode="left" horizontalHuggingPriority="251" verticalHuggingPriority="251" fixedFrame="YES" text="Mario Jàuregui Gòmez" textAlignment="natural" lineBreakMode="tailTruncation" baselineAdjustment="alignBaselines" adjustsFontSizeToFit="NO" translatesAutoresizingMaskIntoConstraints="NO" id="h2V-Pu-x1X">
                                <rect key="frame" x="109" y="241" width="172" height="21"/>
                                <autoresizingMask key="autoresizingMask" flexibleMaxX="YES" flexibleMaxY="YES"/>
                                <fontDescription key="fontDescription" type="system" pointSize="17"/>
                                <nil key="textColor"/>
                                <nil key="highlightedColor"/>
                            </label>
                            <label opaque="NO" userInteractionEnabled="NO" contentMode="left" horizontalHuggingPriority="251" verticalHuggingPriority="251" fixedFrame="YES" text="A00832049" textAlignment="natural" lineBreakMode="tailTruncation" baselineAdjustment="alignBaselines" adjustsFontSizeToFit="NO" translatesAutoresizingMaskIntoConstraints="NO" id="yVo-fb-C9s">
                                <rect key="frame" x="148" y="344" width="94" height="21"/>
                                <autoresizingMask key="autoresizingMask" flexibleMaxX="YES" flexibleMaxY="YES"/>
                                <fontDescription key="fontDescription" type="system" pointSize="17"/>
                                <nil key="textColor"/>
                                <nil key="highlightedColor"/>
                            </label>
                        </subviews>
                        <viewLayoutGuide key="safeArea" id="6Tk-OE-BBY"/>
                        <color key="backgroundColor" systemColor="systemBackgroundColor"/>
                    </view>
                    <navigationItem key="navigationItem" id="o81-dv-MAU"/>
                </viewController>
                <placeholder placeholderIdentifier="IBFirstResponder" id="dkx-z0-nzr" sceneMemberID="firstResponder"/>
            </objects>
            <point key="canvasLocation" x="62" y="-2"/>
        </scene>
        <!--Image View Controller-->
        <scene sceneID="gU2-Pt-etK">
            <objects>
                <viewController storyboardIdentifier="image_vc" id="sAE-Yb-S2y" customClass="ImageViewController" customModule="terceraApp" customModuleProvider="target" sceneMemberID="viewController">
                    <view key="view" contentMode="scaleToFill" id="vpz-HI-z2m">
                        <rect key="frame" x="0.0" y="0.0" width="390" height="844"/>
                        <autoresizingMask key="autoresizingMask" widthSizable="YES" heightSizable="YES"/>
                        <subviews>
                            <imageView clipsSubviews="YES" userInteractionEnabled="NO" contentMode="scaleAspectFit" horizontalHuggingPriority="251" verticalHuggingPriority="251" image="biblio.jpeg" translatesAutoresizingMaskIntoConstraints="NO" id="zFp-Wd-mlN">
                                <rect key="frame" x="18" y="239" width="356" height="282"/>
                                <constraints>
                                    <constraint firstAttribute="height" constant="282" id="0Wa-DF-C8M"/>
                                </constraints>
                            </imageView>
                            <label opaque="NO" userInteractionEnabled="NO" contentMode="left" horizontalHuggingPriority="251" verticalHuggingPriority="251" text="Imagen" textAlignment="natural" lineBreakMode="tailTruncation" baselineAdjustment="alignBaselines" adjustsFontForContentSizeCategory="YES" adjustsFontSizeToFit="NO" translatesAutoresizingMaskIntoConstraints="NO" id="SEm-sT-CgC">
                                <rect key="frame" x="147" y="115" width="96" height="36"/>
                                <fontDescription key="fontDescription" type="system" pointSize="30"/>
                                <color key="textColor" red="0.43312340179999997" green="0.0" blue="0.021191814489999999" alpha="1" colorSpace="custom" customColorSpace="displayP3"/>
                                <color key="highlightedColor" systemColor="systemGroupedBackgroundColor"/>
                            </label>
                            <button opaque="NO" contentMode="scaleToFill" contentHorizontalAlignment="center" contentVerticalAlignment="center" buttonType="system" lineBreakMode="middleTruncation" translatesAutoresizingMaskIntoConstraints="NO" id="l4L-Yo-aLh">
                                <rect key="frame" x="130" y="562" width="130" height="35"/>
                                <color key="tintColor" red="0.39478053489999998" green="0.2418078481" blue="0.59121208579999995" alpha="1" colorSpace="custom" customColorSpace="displayP3"/>
                                <state key="normal" title="Button"/>
                                <buttonConfiguration key="configuration" style="filled" title="Mostrar video"/>
                                <connections>
                                    <action selector="mostrarVideo:" destination="sAE-Yb-S2y" eventType="touchUpInside" id="mnq-lD-jJu"/>
                                </connections>
                            </button>
                            <button opaque="NO" contentMode="scaleToFill" contentHorizontalAlignment="center" contentVerticalAlignment="center" buttonType="system" lineBreakMode="middleTruncation" translatesAutoresizingMaskIntoConstraints="NO" id="8Af-Hc-wxu">
                                <rect key="frame" x="150" y="645" width="93" height="35"/>
                                <state key="normal" title="Button"/>
                                <buttonConfiguration key="configuration" style="filled" title="Regresar"/>
                                <connections>
                                    <action selector="regresarMenu:" destination="sAE-Yb-S2y" eventType="touchUpInside" id="VYg-9m-sWU"/>
                                </connections>
                            </button>
                        </subviews>
                        <viewLayoutGuide key="safeArea" id="Hj1-Dv-DSf"/>
                        <color key="backgroundColor" systemColor="systemBackgroundColor"/>
                        <constraints>
                            <constraint firstItem="SEm-sT-CgC" firstAttribute="centerX" secondItem="l4L-Yo-aLh" secondAttribute="centerX" id="27Z-Hh-zav"/>
                            <constraint firstItem="SEm-sT-CgC" firstAttribute="centerX" secondItem="vpz-HI-z2m" secondAttribute="centerX" id="2cR-FP-8k5"/>
                            <constraint firstItem="SEm-sT-CgC" firstAttribute="leading" secondItem="8Af-Hc-wxu" secondAttribute="trailing" constant="-96" id="5KJ-7n-drQ"/>
                            <constraint firstItem="zFp-Wd-mlN" firstAttribute="top" secondItem="SEm-sT-CgC" secondAttribute="bottom" constant="88" id="8Ab-EH-b7a"/>
                            <constraint firstItem="zFp-Wd-mlN" firstAttribute="leading" secondItem="Hj1-Dv-DSf" secondAttribute="leading" constant="18" id="8LL-Ok-HQh"/>
                            <constraint firstItem="zFp-Wd-mlN" firstAttribute="trailing" secondItem="vpz-HI-z2m" secondAttribute="trailingMargin" id="VxA-ly-Vr8"/>
                            <constraint firstItem="Hj1-Dv-DSf" firstAttribute="bottom" secondItem="l4L-Yo-aLh" secondAttribute="bottom" constant="213" id="Wo1-te-zQU"/>
                            <constraint firstItem="SEm-sT-CgC" firstAttribute="top" secondItem="Hj1-Dv-DSf" secondAttribute="top" constant="68" id="fPA-WH-mRA"/>
                            <constraint firstItem="zFp-Wd-mlN" firstAttribute="top" secondItem="8Af-Hc-wxu" secondAttribute="bottom" constant="-441" id="fT0-8j-1TB"/>
                        </constraints>
                    </view>
                </viewController>
                <placeholder placeholderIdentifier="IBFirstResponder" id="RXO-36-5je" userLabel="First Responder" customClass="UIResponder" sceneMemberID="firstResponder"/>
            </objects>
            <point key="canvasLocation" x="867.69230769230762" y="10.663507109004739"/>
        </scene>
    </scenes>
    <resources>
        <image name="biblio.jpeg" width="659" height="462"/>
        <systemColor name="systemBackgroundColor">
            <color white="1" alpha="1" colorSpace="custom" customColorSpace="genericGamma22GrayColorSpace"/>
        </systemColor>
        <systemColor name="systemGroupedBackgroundColor">
            <color red="0.94901960784313721" green="0.94901960784313721" blue="0.96862745098039216" alpha="1" colorSpace="custom" customColorSpace="sRGB"/>
        </systemColor>
    </resources>
</document>
